province,region,city,citycode,adcode,area
北京市,北京区,北京市,010,110000,华北
广东省,广州区,广州市,020,440100,华南
上海市,上海区,上海市,021,310000,华东
天津市,天津区,天津市,022,120000,华北
重庆市,重庆区,重庆市,023,500000,中西
辽宁省,沈阳区,抚顺市,024,210400,华北
辽宁省,沈阳区,沈阳市,024,210100,华北
辽宁省,沈阳区,铁岭市,024,211200,华北
江苏省,南京区,南京市,025,320100,华东
湖北省,湖北区,武汉市,027,420100,中西
四川省,四川区,成都市,028,510100,中西
四川省,四川区,眉山市,028,511400,中西
四川省,四川区,资阳市,028,512000,中西
陕西省,陕西区,咸阳市,029,610400,中西
陕西省,陕西区,西安市,029,610100,中西
贵州省,贵州区,遵义市,052,520300,中西
贵州省,贵州区,安顺市,053,520400,中西
云南省,云南区,怒江傈僳族自治州,086,533300,中西
云南省,云南区,丽江市,088,530700,中西
河北省,冀州区,邯郸市,310,130400,华北
河北省,冀州区,石家庄市,311,130100,华北
河北省,冀州区,辛集市,311,139002,华北
河北省,冀州区,保定市,312,130600,华北
河北省,冀州区,定州市,312,139001,华北
河北省,冀北区,张家口市,313,130700,华北
河北省,冀北区,承德市,314,130800,华北
河北省,冀北区,唐山市,315,130200,华北
河北省,冀北区,廊坊市,316,131000,华北
河北省,冀北区,沧州市,317,130900,华北
河北省,冀州区,衡水市,318,131100,华北
河北省,冀州区,邢台市,319,130500,华北
河北省,冀北区,秦皇岛市,335,130300,华北
山西省,山西区,朔州市,349,140600,华北
山西省,山西区,忻州市,350,140900,华北
山西省,山西区,太原市,351,140100,华北
山西省,山西区,大同市,352,140200,华北
山西省,山西区,阳泉市,353,140300,华北
山西省,山西区,晋中市,354,140700,华北
山西省,山西区,长治市,355,140400,华北
山西省,山西区,晋城市,356,140500,华北
山西省,山西区,临汾市,357,141000,华北
山西省,山西区,吕梁市,358,141100,华北
山西省,山西区,运城市,359,140800,华北
河南省,河南区,商丘市,370,411400,中西
河南省,河南区,郑州市,371,410100,中西
河南省,河南区,安阳市,372,410500,中西
河南省,河南区,新乡市,373,410700,中西
河南省,河南区,许昌市,374,411000,中西
河南省,河南区,平顶山市,375,410400,中西
河南省,河南区,信阳市,376,411500,中西
河南省,河南区,南阳市,377,411300,中西
河南省,河南区,开封市,378,410200,中西
河南省,河南区,洛阳市,379,410300,中西
河南省,河南区,济源市,391,419000,中西
河南省,河南区,焦作市,391,410800,中西
河南省,河南区,鹤壁市,392,410600,中西
河南省,河南区,濮阳市,393,410900,中西
河南省,河南区,周口市,394,411600,中西
河南省,河南区,漯河市,395,411100,中西
河南省,河南区,驻马店市,396,411700,中西
河南省,河南区,三门峡市,398,411200,中西
辽宁省,大连区,大连市,411,210200,华北
辽宁省,沈阳区,鞍山市,412,210300,华北
辽宁省,沈阳区,本溪市,414,210500,华北
辽宁省,大连区,丹东市,415,210600,华北
辽宁省,沈阳区,锦州市,416,210700,华北
辽宁省,沈阳区,营口市,417,210800,华北
辽宁省,沈阳区,阜新市,418,210900,华北
辽宁省,沈阳区,辽阳市,419,211000,华北
辽宁省,沈阳区,朝阳市,421,211300,华北
辽宁省,沈阳区,盘锦市,427,211100,华北
辽宁省,沈阳区,葫芦岛市,429,211400,华北
吉林省,吉林区,长春市,431,220100,华北
吉林省,吉林区,吉林市,432,220200,华北
吉林省,吉林区,延边朝鲜族自治州,433,222400,华北
吉林省,吉林区,四平市,434,220300,华北
吉林省,吉林区,通化市,435,220500,华北
吉林省,吉林区,白城市,436,220800,华北
吉林省,吉林区,辽源市,437,220400,华北
吉林省,吉林区,松原市,438,220700,华北
吉林省,吉林区,白山市,439,220600,华北
黑龙江省,黑龙江区,哈尔滨市,451,230100,华北
黑龙江省,黑龙江区,齐齐哈尔市,452,230200,华北
黑龙江省,黑龙江区,牡丹江市,453,231000,华北
黑龙江省,黑龙江区,佳木斯市,454,230800,华北
黑龙江省,黑龙江区,绥化市,455,231200,华北
黑龙江省,黑龙江区,黑河市,456,231100,华北
黑龙江省,黑龙江区,大兴安岭地区,457,232700,华北
黑龙江省,黑龙江区,伊春市,458,230700,华北
黑龙江省,黑龙江区,大庆市,459,230600,华北
黑龙江省,黑龙江区,七台河市,464,230900,华北
黑龙江省,黑龙江区,鸡西市,467,230300,华北
黑龙江省,黑龙江区,鹤岗市,468,230400,华北
黑龙江省,黑龙江区,双鸭山市,469,230500,华北
内蒙古自治区,黑龙江区,呼伦贝尔市,470,150700,华北
内蒙古自治区,内蒙古区,呼和浩特市,471,150100,华北
内蒙古自治区,内蒙古区,包头市,472,150200,华北
内蒙古自治区,内蒙古区,乌海市,473,150300,华北
内蒙古自治区,内蒙古区,乌兰察布市,474,150900,华北
内蒙古自治区,内蒙古区,通辽市,475,150500,华北
内蒙古自治区,内蒙古区,赤峰市,476,150400,华北
内蒙古自治区,内蒙古区,鄂尔多斯市,477,150600,华北
内蒙古自治区,内蒙古区,巴彦淖尔市,478,150800,华北
内蒙古自治区,内蒙古区,锡林郭勒盟,479,152500,华北
内蒙古自治区,吉林区,兴安盟,482,152200,华北
内蒙古自治区,内蒙古区,阿拉善盟,483,152900,华北
江苏省,无锡区,无锡市,510,320200,华东
江苏省,常州区,镇江市,511,321100,华东
江苏省,苏州区,苏州市,512,320500,华东
江苏省,南通区,南通市,513,320600,华东
江苏省,常州区,扬州市,514,321000,华东
江苏省,南通区,盐城市,515,320900,华东
江苏省,苏北区,徐州市,516,320300,华东
江苏省,苏北区,淮安市,517,320800,华东
江苏省,苏北区,连云港市,518,320700,华东
江苏省,常州区,常州市,519,320400,华东
江苏省,无锡区,泰州市,523,321200,华东
江苏省,苏北区,宿迁市,527,321300,华东
山东省,济南区,菏泽市,530,371700,华北
山东省,济南区,济南市,531,370100,华北
山东省,鲁东区,青岛市,532,370200,华北
山东省,鲁中区,淄博市,533,370300,华北
山东省,济南区,德州市,534,371400,华北
山东省,鲁东区,烟台市,535,370600,华北
山东省,鲁中区,潍坊市,536,370700,华北
山东省,济南区,济宁市,537,370800,华北
山东省,济南区,泰安市,538,370900,华北
山东省,鲁中区,临沂市,539,371300,华北
山东省,鲁中区,滨州市,543,371600,华北
山东省,鲁中区,东营市,546,370500,华北
安徽省,安徽区,滁州市,550,341100,华东
安徽省,安徽区,合肥市,551,340100,华东
安徽省,安徽区,蚌埠市,552,340300,华东
安徽省,安徽区,芜湖市,553,340200,华东
安徽省,安徽区,淮南市,554,340400,华东
安徽省,安徽区,马鞍山市,555,340500,华东
安徽省,安徽区,安庆市,556,340800,华东
安徽省,安徽区,宿州市,557,341300,华东
安徽省,安徽区,亳州市,558,341600,华东
安徽省,安徽区,阜阳市,558,341200,华东
安徽省,安徽区,黄山市,559,341000,华东
安徽省,安徽区,淮北市,561,340600,华东
安徽省,安徽区,铜陵市,562,340700,华东
安徽省,安徽区,宣城市,563,341800,华东
安徽省,安徽区,六安市,564,341500,华东
安徽省,安徽区,池州市,566,341700,华东
浙江省,金华区,衢州市,570,330800,华东
浙江省,浙北区,杭州市,571,330100,华东
浙江省,浙北区,湖州市,572,330500,华东
浙江省,浙北区,嘉兴市,573,330400,华东
浙江省,宁波区,宁波市,574,330200,华东
浙江省,浙北区,绍兴市,575,330600,华东
浙江省,台州区,台州市,576,331000,华东
浙江省,温州区,温州市,577,330300,华东
浙江省,金华区,丽水市,578,331100,华东
浙江省,金华区,金华市,579,330700,华东
浙江省,宁波区,舟山市,580,330900,华东
福建省,福州区,福州市,591,350100,华南
福建省,厦门区,厦门市,592,350200,华南
福建省,福州区,宁德市,593,350900,华南
福建省,泉州区,莆田市,594,350300,华南
福建省,泉州区,泉州市,595,350500,华南
福建省,厦门区,漳州市,596,350600,华南
福建省,厦门区,龙岩市,597,350800,华南
福建省,福州区,三明市,598,350400,华南
福建省,福州区,南平市,599,350700,华南
山东省,鲁东区,威海市,631,371000,华北
山东省,鲁中区,枣庄市,632,370400,华北
山东省,鲁中区,日照市,633,371100,华北
山东省,济南区,莱芜市,634,371200,华北
山东省,济南区,聊城市,635,371500,华北
广东省,潮汕区,汕尾市,660,441500,华南
广东省,粤西区,阳江市,662,441700,华南
广东省,潮汕区,揭阳市,663,445200,华南
广东省,粤西区,茂名市,668,440900,华南
云南省,云南区,西双版纳傣族自治州,691,532800,中西
云南省,云南区,德宏傣族景颇族自治州,692,533100,中西
江西省,江西区,鹰潭市,701,360600,华南
湖北省,湖北区,襄阳市,710,420600,中西
湖北省,湖北区,鄂州市,711,420700,中西
湖北省,湖北区,孝感市,712,420900,中西
湖北省,湖北区,黄冈市,713,421100,中西
湖北省,湖北区,黄石市,714,420200,中西
湖北省,湖北区,咸宁市,715,421200,中西
湖北省,湖北区,荆州市,716,421000,中西
湖北省,湖北区,宜昌市,717,420500,中西
湖北省,湖北区,恩施土家族苗族自治州,718,422800,中西
湖北省,湖北区,十堰市,719,420300,中西
湖北省,湖北区,神农架林区,719,429021,中西
湖北省,湖北区,随州市,722,421300,中西
湖北省,湖北区,荆门市,724,420800,中西
湖北省,湖北区,仙桃市,728,429004,中西
湖北省,湖北区,天门市,728,429006,中西
湖北省,湖北区,潜江市,728,429005,中西
湖南省,湖南区,岳阳市,730,430600,中西
湖南省,湖南区,长沙市,7311,430100,中西
湖南省,湖南区,湘潭市,7312,430300,中西
湖南省,湖南区,株洲市,7313,430200,中西
湖南省,湖南区,衡阳市,734,430400,中西
湖南省,湖南区,郴州市,735,431000,中西
湖南省,湖南区,常德市,736,430700,中西
湖南省,湖南区,益阳市,737,430900,中西
湖南省,湖南区,娄底市,738,431300,中西
湖南省,湖南区,邵阳市,739,430500,中西
湖南省,湖南区,湘西土家族苗族自治州,743,433100,中西
湖南省,湖南区,张家界市,744,430800,中西
湖南省,湖南区,怀化市,745,431200,中西
湖南省,湖南区,永州市,746,431100,中西
广东省,粤西区,江门市,750,440700,华南
广东省,广州区,韶关市,751,440200,华南
广东省,惠州区,惠州市,752,441300,华南
广东省,惠州区,梅州市,753,441400,华南
广东省,潮汕区,汕头市,754,440500,华南
广东省,深圳区,深圳市,755,440300,华南
广东省,粤西区,珠海市,756,440400,华南
广东省,佛山区,佛山市,757,440600,华南
广东省,佛山区,肇庆市,758,441200,华南
广东省,粤西区,湛江市,759,440800,华南
广东省,粤西区,中山市,760,442000,华南
广东省,惠州区,河源市,762,441600,华南
广东省,广州区,清远市,763,441800,华南
广东省,佛山区,云浮市,766,445300,华南
广东省,潮汕区,潮州市,768,445100,华南
广东省,东莞区,东莞市,769,441900,华南
广西壮族自治区,广西区,防城港市,770,450600,华南
广西壮族自治区,广西区,南宁市,771,450100,华南
广西壮族自治区,广西区,崇左市,771,451400,华南
广西壮族自治区,广西区,来宾市,772,451300,华南
广西壮族自治区,广西区,柳州市,772,450200,华南
广西壮族自治区,广西区,桂林市,773,450300,华南
广西壮族自治区,广西区,梧州市,774,450400,华南
广西壮族自治区,广西区,贺州市,774,451100,华南
广西壮族自治区,广西区,玉林市,775,450900,华南
广西壮族自治区,广西区,贵港市,775,450800,华南
广西壮族自治区,广西区,百色市,776,451000,华南
广西壮族自治区,广西区,钦州市,777,450700,华南
广西壮族自治区,广西区,河池市,778,451200,华南
广西壮族自治区,广西区,北海市,779,450500,华南
江西省,江西区,新余市,790,360500,华南
江西省,江西区,南昌市,791,360100,华南
江西省,江西区,九江市,792,360400,华南
江西省,江西区,上饶市,793,361100,华南
江西省,江西区,抚州市,794,361000,华南
江西省,江西区,宜春市,795,360900,华南
江西省,江西区,吉安市,796,360800,华南
江西省,江西区,赣州市,797,360700,华南
江西省,江西区,景德镇市,798,360200,华南
江西省,江西区,萍乡市,799,360300,华南
四川省,四川区,攀枝花市,812,510400,中西
四川省,四川区,自贡市,813,510300,中西
四川省,四川区,绵阳市,816,510700,中西
四川省,四川区,南充市,817,511300,中西
四川省,四川区,达州市,818,511700,中西
四川省,四川区,遂宁市,825,510900,中西
四川省,四川区,广安市,826,511600,中西
四川省,四川区,巴中市,827,511900,中西
四川省,四川区,泸州市,830,510500,中西
四川省,四川区,宜宾市,831,511500,中西
四川省,四川区,内江市,832,511000,中西
四川省,四川区,乐山市,833,511100,中西
四川省,四川区,凉山彝族自治州,834,513400,中西
四川省,四川区,雅安市,835,511800,中西
四川省,四川区,甘孜藏族自治州,836,513300,中西
四川省,四川区,阿坝藏族羌族自治州,837,513200,中西
四川省,四川区,德阳市,838,510600,中西
四川省,四川区,广元市,839,510800,中西
贵州省,贵州区,贵阳市,851,520100,中西
香港特别行政区,香港区,香港特别行政区,852,810000,港澳台
澳门特别行政区,澳门区,澳门特别行政区,853,820000,港澳台
贵州省,贵州区,黔南布依族苗族自治州,854,522700,中西
贵州省,贵州区,黔东南苗族侗族自治州,855,522600,中西
贵州省,贵州区,铜仁市,856,520600,中西
贵州省,贵州区,毕节市,857,520500,中西
贵州省,贵州区,六盘水市,858,520200,中西
贵州省,贵州区,黔西南布依族苗族自治州,859,522300,中西
云南省,云南区,昭通市,870,530600,中西
云南省,云南区,昆明市,871,530100,中西
云南省,云南区,大理白族自治州,872,532900,中西
云南省,云南区,红河哈尼族彝族自治州,873,532500,中西
云南省,云南区,曲靖市,874,530300,中西
云南省,云南区,保山市,875,530500,中西
云南省,云南区,文山壮族苗族自治州,876,532600,中西
云南省,云南区,玉溪市,877,530400,中西
云南省,云南区,楚雄彝族自治州,878,532300,中西
云南省,云南区,普洱市,879,530800,中西
云南省,云南区,临沧市,883,530900,中西
台湾省,台湾区,台湾,886,710000,港澳台
云南省,云南区,迪庆藏族自治州,887,533400,中西
西藏自治区,四川区,拉萨市,891,540100,中西
西藏自治区,四川区,日喀则市,892,540200,中西
西藏自治区,四川区,山南市,893,540500,中西
西藏自治区,四川区,林芝市,894,540400,中西
西藏自治区,四川区,昌都市,895,540300,中西
西藏自治区,四川区,那曲地区,896,540600,中西
西藏自治区,四川区,那曲市,896,542400,中西
西藏自治区,四川区,阿里地区,897,542500,中西
海南省,海南区,临高县,898,469024,华南
海南省,海南区,儋州市,898,460400,华南
海南省,海南区,定安县,898,469021,华南
海南省,海南区,屯昌县,898,469022,华南
海南省,海南区,文昌市,898,469005,华南
海南省,海南区,昌江黎族自治县,898,469026,华南
海南省,海南区,海口市,898,460100,华南
海南省,海南区,澄迈县,898,469023,华南
海南省,海南区,琼中黎族苗族自治县,898,469030,华南
海南省,海南区,琼海市,898,469002,华南
海南省,海南区,白沙黎族自治县,898,469025,华南
海南省,海南区,万宁市,8981,469006,华南
海南省,海南区,三亚市,8981,460200,华南
海南省,海南区,三沙市,8981,460300,华南
海南省,海南区,东方市,8981,469007,华南
海南省,海南区,乐东黎族自治县,8981,469027,华南
海南省,海南区,五指山市,8981,469001,华南
海南省,海南区,保亭黎族苗族自治县,8981,469029,华南
海南省,海南区,陵水黎族自治县,8981,469028,华南
新疆维吾尔自治区,新疆区,塔城地区,901,654200,中西
新疆维吾尔自治区,新疆区,哈密地区,902,652200,中西
新疆维吾尔自治区,新疆区,哈密市,902,650500,中西
新疆维吾尔自治区,新疆区,和田地区,903,653200,中西
新疆维吾尔自治区,新疆区,昆玉市,903,659009,中西
新疆维吾尔自治区,新疆区,北屯市,906,659005,中西
新疆维吾尔自治区,新疆区,阿勒泰地区,906,654300,中西
新疆维吾尔自治区,新疆区,克孜勒苏柯尔克孜自治州,908,653000,中西
新疆维吾尔自治区,新疆区,博尔塔拉蒙古自治州,909,652700,中西
新疆维吾尔自治区,新疆区,双河市,909,659007,中西
陕西省,陕西区,延安市,911,610600,中西
陕西省,陕西区,榆林市,912,610800,中西
陕西省,陕西区,渭南市,913,610500,中西
陕西省,陕西区,商洛市,914,611000,中西
陕西省,陕西区,安康市,915,610900,中西
陕西省,陕西区,汉中市,916,610700,中西
陕西省,陕西区,宝鸡市,917,610300,中西
陕西省,陕西区,铜川市,919,610200,中西
甘肃省,甘肃区,临夏回族自治州,930,622900,中西
甘肃省,甘肃区,兰州市,931,620100,中西
甘肃省,甘肃区,定西市,932,621100,中西
甘肃省,甘肃区,平凉市,933,620800,中西
甘肃省,甘肃区,庆阳市,934,621000,中西
甘肃省,甘肃区,武威市,935,620600,中西
甘肃省,甘肃区,金昌市,935,620300,中西
甘肃省,甘肃区,张掖市,936,620700,中西
甘肃省,甘肃区,嘉峪关市,937,620200,中西
甘肃省,甘肃区,酒泉市,937,620900,中西
甘肃省,甘肃区,天水市,938,620500,中西
甘肃省,甘肃区,陇南市,939,621200,中西
甘肃省,甘肃区,甘南藏族自治州,941,623000,中西
甘肃省,甘肃区,白银市,943,620400,中西
宁夏回族自治区,宁夏区,银川市,951,640100,中西
宁夏回族自治区,宁夏区,石嘴山市,952,640200,中西
宁夏回族自治区,宁夏区,吴忠市,953,640300,中西
宁夏回族自治区,宁夏区,固原市,954,640400,中西
宁夏回族自治区,宁夏区,中卫市,955,640500,中西
青海省,甘肃区,海北藏族自治州,970,632200,中西
青海省,甘肃区,西宁市,971,630100,中西
青海省,甘肃区,海东市,972,630200,中西
青海省,甘肃区,黄南藏族自治州,973,632300,中西
青海省,甘肃区,海南藏族自治州,974,632500,中西
青海省,甘肃区,果洛藏族自治州,975,632600,中西
青海省,甘肃区,玉树藏族自治州,976,632700,中西
青海省,甘肃区,海西蒙古族藏族自治州,977,632800,中西
青海省,甘肃区,格尔木市,979,632801,中西
新疆维吾尔自治区,新疆区,克拉玛依市,990,650200,中西
新疆维吾尔自治区,新疆区,乌鲁木齐市,991,650100,中西
新疆维吾尔自治区,新疆区,奎屯市,992,654003,中西
新疆维吾尔自治区,新疆区,石河子市,993,659001,中西
新疆维吾尔自治区,新疆区,五家渠市,994,659004,中西
新疆维吾尔自治区,新疆区,昌吉回族自治州,994,652300,中西
新疆维吾尔自治区,新疆区,吐鲁番市,995,650400,中西
新疆维吾尔自治区,新疆区,巴音郭楞蒙古自治州,996,652800,中西
新疆维吾尔自治区,新疆区,铁门关市,996,659006,中西
新疆维吾尔自治区,新疆区,阿克苏地区,997,652900,中西
新疆维吾尔自治区,新疆区,阿拉尔市,997,659002,中西
新疆维吾尔自治区,新疆区,喀什地区,998,653100,中西
新疆维吾尔自治区,新疆区,图木舒克市,998,659003,中西
新疆维吾尔自治区,新疆区,伊犁哈萨克自治州,999,654000,中西
新疆维吾尔自治区,新疆区,可克达拉市,999,659008,中西
