name,citycode
深圳,755
上海,021
广州,020
清远,763
韶关,751
香港市,852
郑州市,371
新乡市,373
商丘市,370
安阳市,372
开封市,378
焦作市,391
鹤壁市,392
济源,391
濮阳市,393
北京市,010
杭州市,571
南京市,025
武汉市,027
鄂州市,711
黄冈市,713
黄石市,714
苏州市,512
珠海市,756
中山市,760
佛山市,757
肇庆市,758
云浮市,766
厦门市,592
漳州市,596
龙岩市,597
福州市,591
宁德市,593
三明市,598
南平市,599
莆田市,594
泉州市,595
大连市,411
丹东市,415
东莞市,769
温州市,577
无锡市,510
泰州市,523
南通市,513
盐城市,515
重庆市,023
绍兴市,575
台州市,576
天津市,022
湖州市,572
嘉兴市,573
宁波市,574
舟山市,580
衢州市,570
丽水市,578
金华市,579
烟台市,535
威海市,631
西安市,029
咸阳市,029
延安市,911
榆林市,912
渭南市,913
商洛市,914
安康市,915
汉中市,916
宝鸡市,917
铜川市,919
镇江市,511
扬州市,514
常州市,519
徐州市,516
淮安市,517
连云港市,518
宿迁市,527
阳江市,662
茂名市,668
江门市,750
湛江市,759
朔州市,349
忻州市,350
太原市,351
大同市,352
阳泉市,353
晋中市,354
长治市,355
晋城市,356
临汾市,357
吕梁市,358
运城市,359
鹰潭市,701
南昌市,791
九江市,792
上饶市,793
景德镇市,798
银川市,951
石嘴山市,952
吴忠市,953
固原市,954
中卫市,955
邯郸市,310
石家庄市,311
保定市,312
衡水市,318
邢台市,319
合肥市,551
蚌埠市,552
淮南市,554
宿州市,557
阜阳市,558
亳州市,558
淮北市,561
六安市,564
新余市,790
抚州市,794
宜春市,795
吉安市,796
赣州市,797
萍乡市,799
张家口市,313
承德市,314
唐山市,315
廊坊市,316
沧州市,317
秦皇岛市,335
菏泽市,530
济南市,531
德州市,534
济宁市,537
泰安市,538
莱芜市,634
聊城市,635
淄博市,533
潍坊市,536
临沂市,539
滨州市,543
东营市,546
枣庄市,632
日照市,633
呼和浩特市,471
包头市,472
乌海市,473
乌兰察布市,474
通辽市,475
赤峰市,476
鄂尔多斯市,477
巴彦淖尔市,478
锡林郭勒盟,479
阿拉善盟,483
衡阳市,734
郴州市,735
常德市,736
益阳市,737
娄底市,738
邵阳市,739
湘西土家族苗族自治州,743
张家界市,744
怀化市,745
永州市,746
临夏回族自治州,930
兰州市,931
定西市,932
平凉市,933
庆阳市,934
金昌市,935
武威市,935
张掖市,936
嘉峪关市,937
酒泉市,937
天水市,938
陇南市,939
甘南藏族自治州,941
白银市,943
海北藏族自治州,970
西宁市,971
海东市,972
黄南藏族自治州,973
海南藏族自治州,974
果洛藏族自治州,975
玉树藏族自治州,976
海西蒙古族藏族自治州,977
防城港市,770
南宁市,771
崇左市,771
柳州市,772
来宾市,772
桂林市,773
梧州市,774
贺州市,774
贵港市,775
玉林市,775
百色市,776
钦州市,777
河池市,778
北海市,779
海口市,898
万宁市,8981
五指山市,8981
保亭黎族苗族自治县,8981
琼中黎族苗族自治县,898
白沙黎族自治县,898
东方市,8981
乐东黎族自治县,8981
昌江黎族自治县,898
陵水黎族自治县,8981
三沙市,8981
儋州市,898
临高县,898
琼海市,898
文昌市,898
定安县,898
屯昌县,898
澄迈县,898
三亚市,8981
惠州市,752
梅州市,753
河源市,762
长春市,431
吉林市,432
延边朝鲜族自治州,433
四平市,434
通化市,435
白城市,436
辽源市,437
松原市,438
白山市,439
兴安盟,482
汕尾市,660
揭阳市,663
汕头市,754
潮州市,768
沈阳市,024
抚顺市,024
铁岭市,024
鞍山市,412
本溪市,414
锦州市,416
营口市,417
阜新市,418
辽阳市,419
朝阳市,421
盘锦市,427
葫芦岛市,429
哈尔滨市,451
齐齐哈尔市,452
牡丹江市,453
佳木斯市,454
绥化市,455
黑河市,456
大兴安岭地区,457
伊春市,458
大庆市,459
七台河市,464
鸡西市,467
鹤岗市,468
双鸭山市,469
呼伦贝尔市,470
遵义市,052
安顺市,053
贵阳市,851
黔南布依族苗族自治州,854
黔东南苗族侗族自治州,855
铜仁市,856
毕节市,857
六盘水市,858
黔西南布依族苗族自治州,859
许昌市,374
平顶山市,375
信阳市,376
南阳市,377
洛阳市,379
周口市,394
漯河市,395
驻马店市,396
三门峡市,398
襄阳市,710
孝感市,712
咸宁市,715
荆州市,716
宜昌市,717
恩施土家族苗族自治州,718
十堰市,719
神农架林区,719
随州市,722
荆门市,724
天门市,728
潜江市,728
仙桃市,728
成都市,028
资阳市,028
眉山市,028
攀枝花市,812
自贡市,813
绵阳市,816
南充市,817
达州市,818
遂宁市,825
广安市,826
巴中市,827
泸州市,830
宜宾市,831
内江市,832
乐山市,833
凉山彝族自治州,834
雅安市,835
甘孜藏族自治州,836
阿坝藏族羌族自治州,837
德阳市,838
广元市,839
拉萨市,891
日喀则市,892
山南地区,893
林芝地区,894
那曲地区,896
塔城地区,901
哈密地区,902
和田地区,903
阿勒泰地区,906
克孜勒苏柯尔克孜自治州,908
博尔塔拉蒙古自治州,909
双河市,909
克拉玛依市,990
乌鲁木齐市,991
石河子市,993
昌吉回族自治州,994
五家渠市,994
吐鲁番地区,995
巴音郭楞蒙古自治州,996
阿克苏地区,997
喀什地区,998
伊犁哈萨克自治州,999
岳阳市,730
长沙市,7311
湘潭市,7312
株洲市,7313
青岛市,532
滁州市,550
芜湖市,553
马鞍山市,555
安庆市,556
黄山市,559
铜陵市,562
宣城市,563
池州市,566
怒江傈僳族自治州,086
丽江市,088
西双版纳傣族自治州,691
德宏傣族景颇族自治州,692
昭通市,870
昆明市,871
大理白族自治州,872
红河哈尼族彝族自治州,873
曲靖市,874
保山市,875
文山壮族苗族自治州,876
玉溪市,877
楚雄彝族自治州,878
普洱市,879
临沧市,883
迪庆藏族自治州,887
