CITY_CODE,DIST_CODE,DIST_NAME
PuEr,879,普洱市
LinCang,883,临沧市
WenShanZhou,876,文山州
HongHeZhou,873,红河州
XiShuangBanNa,691,西双版纳
ChuXiongZhou,878,楚雄州
DaLiZhou,872,大理州
DeHongZhou,692,德宏州
DiQingZhou,887,迪庆州
FuZhou,591,福州市
XiaMen,592,厦门市
PuTian,594,莆田市
SanMing,598,三明市
QuanZhou,595,泉州市
ZhangZhou,596,漳州市
NanPing,599,南平市
LongYan,597,龙岩市
NingDe,593,宁德市
NanChang,791,南昌市
JingDeZhen,798,景德镇市
PingXiang,799,萍乡市
JiuJiang,792,九江市
XinYu,790,新余市
YingTan,701,鹰潭市
GanZhou,797,赣州市
JiAn,796,吉安市
YiChun,795,宜春市
FuZhou,794,抚州市
ShangRao,793,上饶市
Zunyi,052,遵义市
Anshun,053,安顺市
ChangSha,7311,长沙市
XiangTan,7312,湘潭市
ZhuZhou,7313,株洲市
LiJiang,088,丽江市
SanYa,8981,三亚市
DanZhou,8982,儋州市
JiXi,467,鸡西市
ShuangYaShan,469,双鸭山市
SongYuan,438,松原市
ShiHeZi,993,石河子市
QiTaiHe,464,七台河市
HeGang,468,鹤岗市
NuJiangZhou,086,怒江州
KuiTun,992,奎屯市
HaiXi,977,海西蒙古族藏族自治州
Hainansheng,8983,三沙市
