CITY_CODE,DIST_CODE,DIST_NAME
NaQu,896,那曲市
ALi,897,阿里地区
LinZhi,894,林芝市
LanZhou,931,兰州市
JiaYuGuan/JiuQuan,937,嘉峪关市/酒泉市
JinChang/WuWei,935,金昌市/武威市
BaiYin,943,白银市
TianShui,938,天水市
ZhangYe,936,张掖市
PingLiang,933,平凉市
QingYang,934,庆阳市
DingXi,932,定西市
LongNan,939,陇南市
LinXiaZhou,930,临夏州
GanNanZhou,941,甘南州
XiNing,971,西宁市
HaiDong,972,海东市
HaiBeiZangZuZhiZhou,970,海北藏族自治州
Huang,973,黄南藏族自治州
HaiNanZangZuZhiZhou,974,海南藏族自治州
GuoLuoZangZuZhiZhou,975,果洛藏族自治州
YuShu,976,玉树藏族自治州
HaiXiZangZuZhiZhou,979,格尔木市
XiAn/XianYang,029,西安市/咸阳市
TongChuan,919,铜川市
BaoJi,917,宝鸡市
WeiNan,913,渭南市
YanAn,911,延安市
HanZhong,916,汉中市
YuLin,912,榆林市
AnKang,915,安康市
ShangLuo,914,商洛市
YinChuan,951,银川市
ShiZuiShan,952,石嘴山市
WuZhong,953,吴忠市
GuYuan,954,固原市
ZhongWei,955,中卫市
WuLuMuQi,991,乌鲁木齐市
KeLaMaYi,990,克拉玛依市
TuLuFan,995,吐鲁番地区
HaMi,902,哈密地区
HeTian,903,和田地区
AKeSu,997,阿克苏地区
KaShi,998,喀什地区
KeZiLeSuKeErKeZi,908,克孜勒苏柯尔克孜自治州
BaYinGuoLeng/TieMenGuan,996,巴音郭楞蒙古自治州/铁门关市
ChangJi,994,昌吉回族自治州
BoErTaLa/shuanghe,909,博尔塔拉蒙古自治州/双河市
