CITY_CODE,DIST_CODE,DIST_NAME
QinHuangDao,335,秦皇岛市
HanDan,310,邯郸市
XingTai,319,邢台市
BaoDing,312,保定市
ZhangJiaKou,313,张家口市
ChengDe,314,承德市
CangZhou,317,沧州市
LangFang,316,廊坊市
HengShui,318,衡水市
TaiYuan,351,太原市
DaTong,352,大同市
YangQuan,353,阳泉市
ChangZhi,355,长治市
JinCheng,356,晋城市
ShuoZhou,349,朔州市
JinZhong,354,晋中市
YunCheng,359,运城市
XinZhou,350,忻州市
LinFen,357,临汾市
LvLiang,358,吕梁市
HuHeHaoTe,471,呼和浩特市
BaoTou,472,包头市
WuHai,473,乌海市
ChiFeng,476,赤峰市
TongLiao,475,通辽市
EErDuoSi,477,鄂尔多斯市
HuLunBeiEr,470,呼伦贝尔市
BaYanNaoEr,478,巴彦淖尔市
WuLanChaBu,474,乌兰察布市
XingAnMeng,482,兴安盟
XiLinGuoLeMeng,479,锡林郭勒盟
ALaShanMeng,483,阿拉善盟
ShenYang/TieLin/FuShun,024,沈阳市/铁岭市/抚顺市
DaLian,411,大连市
AnShan,412,鞍山市
BenXi,414,本溪市
DanDong,415,丹东市
JinZhou,416,锦州市
YingKou,417,营口市
