CITY_CODE,DIST_CODE,DIST_NAME
HengYang,734,衡阳市
ShaoYang,739,邵阳市
YueYang,730,岳阳市
ChangDe,736,常德市
ZhangJiaJie,744,张家界市
YiYang,737,益阳市
ChenZhou,735,郴州市
YongZhou,746,永州市
HuaiHua,745,怀化市
LouDi,738,娄底市
XiangXiZhou,743,湘西州
ChengDu/ZiYang/MeiShan,028,成都市/资阳市/眉山市
ZiGong,813,自贡市
PanZhiHua,812,攀枝花市
LuZhou,830,泸州市
DeYang,838,德阳市
MianYang,816,绵阳市
GuangYuan,839,广元市
SuiNing,825,遂宁市
NeiJiang,832,内江市
LeShan,833,乐山市
NanChong,817,南充市
YiBin,831,宜宾市
GuangAn,826,广安市
DaZhou,818,达州市
YaAn,835,雅安市
BaZhong,827,巴中市
ABaZhou,837,阿坝州
GanZiZhou,836,甘孜州
XiChang,834,西昌市
GuiYang,851,贵阳市
LiuPanShui,858,六盘水市
TongRen,856,铜仁市
BiJie,857,毕节市
QianXiNanZhou,859,黔西南州
QianDongNanZhou,855,黔东南州
QianNanZhou,854,黔南州
KunMing,871,昆明市
QuJing,874,曲靖市
YuXi,877,玉溪市
BaoShan,875,保山市
ZhaoTong,870,昭通市
