CITY_CODE,DIST_CODE,DIST_NAME
FuXin,418,阜新市
LiaoYang,419,辽阳市
PanJin,427,盘锦市
ChaoYang,421,朝阳市
HuLuDao,429,葫芦岛市
ChangChun,431,长春市
JiLin,432,吉林市
SiPing,434,四平市
LiaoYuan,437,辽源市
TongHua,435,通化市
BaiShan,439,白山市
BaiCheng,436,白城市
YanBian,433,延边朝鲜族自治州
HaErBin,451,哈尔滨市
QiQiHaEr,452,齐齐哈尔市
DaQing,459,大庆市
YiChun,458,伊春市
MuDanJiang,453,牡丹江市
JiaMuSi,454,佳木斯市
HeiHe,456,黑河市
SuiHua,455,绥化市
DaXingAnLing,457,大兴安岭地区
JiNan,531,济南市
QingDao,532,青岛市
ZiBo,533,淄博市
ZaoZhuang,632,枣庄市
DongYing,546,东营市
YanTai,535,烟台市
WeiFang,536,潍坊市
WeiHai,631,威海市
JiNing,537,济宁市
TaiAn,538,泰安市
RiZhao,633,日照市
LaiWu,634,莱芜市
LinYi,539,临沂市
DeZhou,534,德州市
LiaoCheng,635,聊城市
BinZhou,543,滨州市
HeZe,530,菏泽市
LaSa,891,拉萨市
ChangDu,895,昌都市
ShanNan,893,山南市
RiKaZe,892,日喀则市
