CITY_CODE,DIST_CODE,DIST_NAME
Macau,853,澳门
Hong Kong,852,香港
Taiwan,886,台湾
ShangHai,021,上海市
BeiJing,010,北京市
TianJin,022,天津市
ChongQing,023,重庆市
GuangZhou,020,广州市
ShenZhen,755,深圳市
ZhuHai,756,珠海市
ShanTou,754,汕头市
ShaoGuan,751,韶关市
FoShan,757,佛山市
JiangMen,750,江门市
ZhanJiang,759,湛江市
MaoMing,668,茂名市
ZhaoQing,758,肇庆市
HuiZhou,752,惠州市
MeiZhou,753,梅州市
ShanWei,660,汕尾市
HeYuan,762,河源市
YangJiang,662,阳江市
QingYuan,763,清远市
DongGuan,769,东莞市
ZhongShan,760,中山市
ChaoZhou,768,潮州市
JieYang,663,揭阳市
YunFu,766,云浮市
NanNing/ChongZuo,771,南宁市/崇左市
LiuZhou/LaiBin,772,柳州市/来宾市
GuiLin,773,桂林市
WuZhou/HeZhou,774,梧州市/贺州市
BeiHai,779,北海市
FangChengGang,770,防城港市
QinZhou,777,钦州市
GuiGang/YuLin,775,贵港市/玉林市
BaiSe,776,百色市
HeChi,778,河池市
HaiKou,898,海口市
