<?xml version="1.0" encoding="UTF-8"?>
<project xmlns="http://maven.apache.org/POM/4.0.0" xmlns:xsi="http://www.w3.org/2001/XMLSchema-instance" xsi:schemaLocation="http://maven.apache.org/POM/4.0.0 http://maven.apache.org/maven-v4_0_0.xsd">
  <parent>
    <artifactId>build</artifactId>
    <groupId>com.sf.gis</groupId>
    <version>1.0.0-SNAPSHOT</version>
    <relativePath>../build/pom.xml</relativePath>
  </parent>
  <modelVersion>4.0.0</modelVersion>
  <artifactId>eta</artifactId>
  <name>eta</name>
  <build>
    <plugins>
      <plugin>
        <artifactId>maven-assembly-plugin</artifactId>
        <version>3.0.0</version>
        <executions>
          <execution>
            <id>make-assembly</id>
            <phase>package</phase>
            <goals>
              <goal>single</goal>
            </goals>
          </execution>
        </executions>
        <configuration>
          <descriptorRefs>
            <descriptorRef>jar-with-dependencies</descriptorRef>
          </descriptorRefs>
          <archive>
            <manifest>
              <mainClass>com.sf.gis.main.GisData</mainClass>
            </manifest>
          </archive>
        </configuration>
      </plugin>
    </plugins>
  </build>
  <dependencies>
    <dependency>
      <groupId>com.sf.gis</groupId>
      <artifactId>bd</artifactId>
      <version>1.0.0-SNAPSHOT</version>
      <scope>provided</scope>
      <exclusions>
        <exclusion>
          <artifactId>scala-library</artifactId>
          <groupId>org.scala-lang</groupId>
        </exclusion>
        <exclusion>
          <artifactId>hive-jdbc</artifactId>
          <groupId>org.apache.hive</groupId>
        </exclusion>
        <exclusion>
          <artifactId>hadoop-common</artifactId>
          <groupId>org.apache.hadoop</groupId>
        </exclusion>
        <exclusion>
          <artifactId>hadoop-hdfs</artifactId>
          <groupId>org.apache.hadoop</groupId>
        </exclusion>
        <exclusion>
          <artifactId>hbase-client</artifactId>
          <groupId>org.apache.hbase</groupId>
        </exclusion>
        <exclusion>
          <artifactId>hbase-common</artifactId>
          <groupId>org.apache.hbase</groupId>
        </exclusion>
        <exclusion>
          <artifactId>spark-core_2.11</artifactId>
          <groupId>org.apache.spark</groupId>
        </exclusion>
        <exclusion>
          <artifactId>spark-streaming_2.11</artifactId>
          <groupId>org.apache.spark</groupId>
        </exclusion>
        <exclusion>
          <artifactId>spark-sql_2.11</artifactId>
          <groupId>org.apache.spark</groupId>
        </exclusion>
        <exclusion>
          <artifactId>spark-hive_2.11</artifactId>
          <groupId>org.apache.spark</groupId>
        </exclusion>
        <exclusion>
          <artifactId>spark-yarn_2.11</artifactId>
          <groupId>org.apache.spark</groupId>
        </exclusion>
        <exclusion>
          <artifactId>flink-core</artifactId>
          <groupId>org.apache.flink</groupId>
        </exclusion>
        <exclusion>
          <artifactId>flink-runtime_2.11</artifactId>
          <groupId>org.apache.flink</groupId>
        </exclusion>
        <exclusion>
          <artifactId>flink-java</artifactId>
          <groupId>org.apache.flink</groupId>
        </exclusion>
        <exclusion>
          <artifactId>flink-clients_2.11</artifactId>
          <groupId>org.apache.flink</groupId>
        </exclusion>
        <exclusion>
          <artifactId>flink-streaming-java_2.11</artifactId>
          <groupId>org.apache.flink</groupId>
        </exclusion>
      </exclusions>
    </dependency>
    <dependency>
      <groupId>org.projectlombok</groupId>
      <artifactId>lombok</artifactId>
      <version>1.16.2</version>
      <scope>provided</scope>
    </dependency>
  </dependencies>
</project>

