"CITY_CODE","DIST_CODE","DIST_NAME"
"Macau","853","澳门"
"Hong Kong","852","香港"
"Taiwan","886","台湾"
"ShangHai","021","上海市"
"BeiJing","010","北京市"
"TianJin","022","天津市"
"ChongQing","023","重庆市"
"GuangZhou","020","广州市"
"ShenZhen","755","深圳市"
"ZhuHai","756","珠海市"
"ShanTou","754","汕头市"
"ShaoGuan","751","韶关市"
"FoShan","757","佛山市"
"JiangMen","750","江门市"
"ZhanJiang","759","湛江市"
"MaoMing","668","茂名市"
"ZhaoQing","758","肇庆市"
"HuiZhou","752","惠州市"
"MeiZhou","753","梅州市"
"ShanWei","660","汕尾市"
"HeYuan","762","河源市"
"YangJiang","662","阳江市"
"QingYuan","763","清远市"
"DongGuan","769","东莞市"
"ZhongShan","760","中山市"
"ChaoZhou","768","潮州市"
"JieYang","663","揭阳市"
"YunFu","766","云浮市"
"NanNing/ChongZuo","771","南宁市/崇左市"
"LiuZhou/LaiBin","772","柳州市/来宾市"
"GuiLin","773","桂林市"
"WuZhou/HeZhou","774","梧州市/贺州市"
"BeiHai","779","北海市"
"FangChengGang","770","防城港市"
"QinZhou","777","钦州市"
"GuiGang/YuLin","775","贵港市/玉林市"
"BaiSe","776","百色市"
"HeChi","778","河池市"
"HaiKou","898","海口市"
"NanJing","025","南京市"
"WuXi","510","无锡市"
"XuZhou","516","徐州市"
"ChangZhou","519","常州市"
"SuZhou","512","苏州市"
"NanTong","513","南通市"
"LianYunGang","518","连云港"
"HuaiAn","517","淮安市"
"YanCheng","515","盐城市"
"YangZhou","514","扬州市"
"ZhenJiang","511","镇江市"
"TaiZhou","523","泰州市"
"SuQian","527","宿迁市"
"HangZhou","571","杭州市"
"NingBo","574","宁波市"
"WenZhou","577","温州市"
"JiaXing","573","嘉兴市"
"HuZhou","572","湖州市"
"ShaoXing","575","绍兴市"
"JinHua","579","金华市"
"QuZhou","570","衢州市"
"ZhouShan","580","舟山市"
"TaiZhou","576","台州市"
"LiShui","578","丽水市"
"HeFei","551","合肥市"
"WuHu","553","芜湖市"
"BangBu","552","蚌埠市"
"HuaiNan","554","淮南市"
"MaAnShan","555","马鞍山市"
"HuaiBei","561","淮北市"
"TongLing","562","铜陵市"
"AnQing","556","安庆市"
"HuangShan","559","黄山市"
"ChuZhou","550","滁州市"
"FuYang/BoZhou","558","阜阳市/亳州市"
"SuZhou","557","宿州市"
"LiuAn","564","六安市"
"ChiZhou","566","池州市"
"XuanCheng","563","宣城市"
"ShiJiaZhuang","311","石家庄市"
"TangShan","315","唐山市"
"QinHuangDao","335","秦皇岛市"
"HanDan","310","邯郸市"
"XingTai","319","邢台市"
"BaoDing","312","保定市"
"ZhangJiaKou","313","张家口市"
"ChengDe","314","承德市"
"CangZhou","317","沧州市"
"LangFang","316","廊坊市"
"HengShui","318","衡水市"
"TaiYuan","351","太原市"
"DaTong","352","大同市"
"YangQuan","353","阳泉市"
"ChangZhi","355","长治市"
"JinCheng","356","晋城市"
"ShuoZhou","349","朔州市"
"JinZhong","354","晋中市"
"YunCheng","359","运城市"
"XinZhou","350","忻州市"
"LinFen","357","临汾市"
"LvLiang","358","吕梁市"
"HuHeHaoTe","471","呼和浩特市"
"BaoTou","472","包头市"
"WuHai","473","乌海市"
"ChiFeng","476","赤峰市"
"TongLiao","475","通辽市"
"EErDuoSi","477","鄂尔多斯市"
"HuLunBeiEr","470","呼伦贝尔市"
"BaYanNaoEr","478","巴彦淖尔市"
"WuLanChaBu","474","乌兰察布市"
"XingAnMeng","482","兴安盟"
"XiLinGuoLeMeng","479","锡林郭勒盟"
"ALaShanMeng","483","阿拉善盟"
"ShenYang/TieLin/FuShun","024","沈阳市/铁岭市/抚顺市"
"DaLian","411","大连市"
"AnShan","412","鞍山市"
"BenXi","414","本溪市"
"DanDong","415","丹东市"
"JinZhou","416","锦州市"
"YingKou","417","营口市"
"FuXin","418","阜新市"
"LiaoYang","419","辽阳市"
"PanJin","427","盘锦市"
"ChaoYang","421","朝阳市"
"HuLuDao","429","葫芦岛市"
"ChangChun","431","长春市"
"JiLin","432","吉林市"
"SiPing","434","四平市"
"LiaoYuan","437","辽源市"
"TongHua","435","通化市"
"BaiShan","439","白山市"
"BaiCheng","436","白城市"
"YanBian","433","延边朝鲜族自治州"
"HaErBin","451","哈尔滨市"
"QiQiHaEr","452","齐齐哈尔市"
"DaQing","459","大庆市"
"YiChun","458","伊春市"
"MuDanJiang","453","牡丹江市"
"JiaMuSi","454","佳木斯市"
"HeiHe","456","黑河市"
"SuiHua","455","绥化市"
"DaXingAnLing","457","大兴安岭地区"
"JiNan","531","济南市"
"QingDao","532","青岛市"
"ZiBo","533","淄博市"
"ZaoZhuang","632","枣庄市"
"DongYing","546","东营市"
"YanTai","535","烟台市"
"WeiFang","536","潍坊市"
"WeiHai","631","威海市"
"JiNing","537","济宁市"
"TaiAn","538","泰安市"
"RiZhao","633","日照市"
"LaiWu","634","莱芜市"
"LinYi","539","临沂市"
"DeZhou","534","德州市"
"LiaoCheng","635","聊城市"
"BinZhou","543","滨州市"
"HeZe","530","菏泽市"
"LaSa","891","拉萨市"
"ChangDu","895","昌都市"
"ShanNan","893","山南市"
"RiKaZe","892","日喀则市"
"NaQu","896","那曲市"
"ALi","897","阿里地区"
"LinZhi","894","林芝市"
"LanZhou","931","兰州市"
"JiaYuGuan/JiuQuan","937","嘉峪关市/酒泉市"
"JinChang/WuWei","935","金昌市/武威市"
"BaiYin","943","白银市"
"TianShui","938","天水市"
"ZhangYe","936","张掖市"
"PingLiang","933","平凉市"
"QingYang","934","庆阳市"
"DingXi","932","定西市"
"LongNan","939","陇南市"
"LinXiaZhou","930","临夏州"
"GanNanZhou","941","甘南州"
"XiNing","971","西宁市"
"HaiDong","972","海东市"
"HaiBeiZangZuZhiZhou","970","海北藏族自治州"
"Huang","973","黄南藏族自治州"
"HaiNanZangZuZhiZhou","974","海南藏族自治州"
"GuoLuoZangZuZhiZhou","975","果洛藏族自治州"
"YuShu","976","玉树藏族自治州"
"HaiXiZangZuZhiZhou","979","格尔木市"
"XiAn/XianYang","029","西安市/咸阳市"
"TongChuan","919","铜川市"
"BaoJi","917","宝鸡市"
"WeiNan","913","渭南市"
"YanAn","911","延安市"
"HanZhong","916","汉中市"
"YuLin","912","榆林市"
"AnKang","915","安康市"
"ShangLuo","914","商洛市"
"YinChuan","951","银川市"
"ShiZuiShan","952","石嘴山市"
"WuZhong","953","吴忠市"
"GuYuan","954","固原市"
"ZhongWei","955","中卫市"
"WuLuMuQi","991","乌鲁木齐市"
"KeLaMaYi","990","克拉玛依市"
"TuLuFan","995","吐鲁番地区"
"HaMi","902","哈密地区"
"HeTian","903","和田地区"
"AKeSu","997","阿克苏地区"
"KaShi","998","喀什地区"
"KeZiLeSuKeErKeZi","908","克孜勒苏柯尔克孜自治州"
"BaYinGuoLeng/TieMenGuan","996","巴音郭楞蒙古自治州/铁门关市"
"ChangJi","994","昌吉回族自治州"
"BoErTaLa/shuanghe","909","博尔塔拉蒙古自治州/双河市"
"YiLiHaSaKe","999","伊犁哈萨克自治州"
"TaCheng","901","塔城地区"
"ALeTai","906","阿勒泰地区"
"ZhengZhou","371","郑州市"
"KaiFeng","378","开封市"
"LuoYang","379","洛阳市"
"PingDingShan","375","平顶山市"
"JiaoZuo","391","焦作市"
"HeBi","392","鹤壁市"
"XinXiang","373","新乡市"
"AnYang","372","安阳市"
"PuYang","393","濮阳市"
"XuChang","374","许昌市"
"LeiHe","395","漯河市"
"SanMenXia","398","三门峡市"
"NanYang","377","南阳市"
"ShangQiu","370","商丘市"
"XinYang","376","信阳市"
"ZhouKou","394","周口市"
"ZhuMaDian","396","驻马店市"
"WuHan","027","武汉市"
"HuangShi","714","黄石市"
"XiangYang","710","襄阳市"
"ShiYan","719","十堰市"
"JingZhou","716","荆州市"
"YiChang","717","宜昌市"
"JingMen","724","荆门市"
"EZhou","711","鄂州市"
"XiaoGan","712","孝感市"
"HuangGang","713","黄冈市"
"XianNing","715","咸宁市"
"SuiZhou","722","随州市"
"EnShiZhou","718","恩施"
"XianTao","728","仙桃市/天门市/潜江市"
"HengYang","734","衡阳市"
"ShaoYang","739","邵阳市"
"YueYang","730","岳阳市"
"ChangDe","736","常德市"
"ZhangJiaJie","744","张家界市"
"YiYang","737","益阳市"
"ChenZhou","735","郴州市"
"YongZhou","746","永州市"
"HuaiHua","745","怀化市"
"LouDi","738","娄底市"
"XiangXiZhou","743","湘西州"
"ChengDu/ZiYang/MeiShan","028","成都市/资阳市/眉山市"
"ZiGong","813","自贡市"
"PanZhiHua","812","攀枝花市"
"LuZhou","830","泸州市"
"DeYang","838","德阳市"
"MianYang","816","绵阳市"
"GuangYuan","839","广元市"
"SuiNing","825","遂宁市"
"NeiJiang","832","内江市"
"LeShan","833","乐山市"
"NanChong","817","南充市"
"YiBin","831","宜宾市"
"GuangAn","826","广安市"
"DaZhou","818","达州市"
"YaAn","835","雅安市"
"BaZhong","827","巴中市"
"ABaZhou","837","阿坝州"
"GanZiZhou","836","甘孜州"
"XiChang","834","西昌市"
"GuiYang","851","贵阳市"
"LiuPanShui","858","六盘水市"
"TongRen","856","铜仁市"
"BiJie","857","毕节市"
"QianXiNanZhou","859","黔西南州"
"QianDongNanZhou","855","黔东南州"
"QianNanZhou","854","黔南州"
"KunMing","871","昆明市"
"QuJing","874","曲靖市"
"YuXi","877","玉溪市"
"BaoShan","875","保山市"
"ZhaoTong","870","昭通市"
"PuEr","879","普洱市"
"LinCang","883","临沧市"
"WenShanZhou","876","文山州"
"HongHeZhou","873","红河州"
"XiShuangBanNa","691","西双版纳"
"ChuXiongZhou","878","楚雄州"
"DaLiZhou","872","大理州"
"DeHongZhou","692","德宏州"
"DiQingZhou","887","迪庆州"
"FuZhou","591","福州市"
"XiaMen","592","厦门市"
"PuTian","594","莆田市"
"SanMing","598","三明市"
"QuanZhou","595","泉州市"
"ZhangZhou","596","漳州市"
"NanPing","599","南平市"
"LongYan","597","龙岩市"
"NingDe","593","宁德市"
"NanChang","791","南昌市"
"JingDeZhen","798","景德镇市"
"PingXiang","799","萍乡市"
"JiuJiang","792","九江市"
"XinYu","790","新余市"
"YingTan","701","鹰潭市"
"GanZhou","797","赣州市"
"JiAn","796","吉安市"
"YiChun","795","宜春市"
"FuZhou","794","抚州市"
"ShangRao","793","上饶市"
"Zunyi","052","遵义市"
"Anshun","053","安顺市"
"ChangSha","7311","长沙市"
"XiangTan","7312","湘潭市"
"ZhuZhou","7313","株洲市"
"LiJiang","088","丽江市"
"SanYa","8981","三亚市"
"DanZhou","8982","儋州市"
"JiXi","467","鸡西市"
"ShuangYaShan","469","双鸭山市"
"SongYuan","438","松原市"
"ShiHeZi","993","石河子市"
"QiTaiHe","464","七台河市"
"HeGang","468","鹤岗市"
"NuJiangZhou","086","怒江州"
"KuiTun","992","奎屯市"
"HaiXi","977","海西蒙古族藏族自治州"
"Hainansheng","8983","三沙市"
