<?xml version="1.0" encoding="UTF-8"?>
<project xmlns="http://maven.apache.org/POM/4.0.0" xmlns:xsi="http://www.w3.org/2001/XMLSchema-instance" xsi:schemaLocation="http://maven.apache.org/POM/4.0.0 http://maven.apache.org/maven-v4_0_0.xsd">
  <parent>
    <artifactId>build</artifactId>
    <groupId>com.sf.gis</groupId>
    <version>1.0.0-SNAPSHOT</version>
    <relativePath>../build/pom.xml</relativePath>
  </parent>
  <modelVersion>4.0.0</modelVersion>
  <artifactId>bd</artifactId>
  <name>bd</name>
  <build>
    <directory>target</directory>
  </build>
</project>

