<project xmlns="http://maven.apache.org/POM/4.0.0" xmlns:xsi="http://www.w3.org/2001/XMLSchema-instance" xsi:schemaLocation="http://maven.apache.org/POM/4.0.0 http://maven.apache.org/maven-v4_0_0.xsd">
	<modelVersion>4.0.0</modelVersion>
	<name>bd</name>
	<parent>
		<artifactId>build</artifactId>
		<groupId>com.sf.gis</groupId>
		<version>1.0.0-SNAPSHOT</version>
		<relativePath>../build/pom.xml</relativePath>
	</parent>
	<artifactId>bd</artifactId>
    <packaging>jar</packaging>
	<build>
		<directory>target</directory>
		<plugins>
		</plugins>
	</build>

	<dependencies>
		<dependency>
			<groupId>org.scala-lang</groupId>
			<artifactId>scala-library</artifactId>
			<version>${scala.version}</version>
		</dependency>

		<dependency>
			<groupId>org.apache.hive</groupId>
			<artifactId>hive-jdbc</artifactId>
			<version>${hive.version}</version>
			<exclusions>
				<exclusion>
					<artifactId>javax.servlet</artifactId>
					<groupId>org.eclipse.jetty.orbit</groupId>
				</exclusion>
				<exclusion>
					<artifactId>slf4j-log4j12</artifactId>
					<groupId>org.slf4j</groupId>
				</exclusion>
				<exclusion>
					<artifactId>slf4j-api</artifactId>
					<groupId>org.slf4j</groupId>
				</exclusion>
				<exclusion>
					<artifactId>log4j-slf4j-impl</artifactId>
					<groupId>org.apache.logging.log4j</groupId>
				</exclusion>
				<exclusion>
					<artifactId>log4j</artifactId>
					<groupId>log4j</groupId>
				</exclusion>
				<exclusion>
					<artifactId>log4j-1.2-api</artifactId>
					<groupId>org.apache.logging.log4j</groupId>
				</exclusion>
			</exclusions>
		</dependency>
		
		<dependency>
			<groupId>org.apache.hadoop</groupId>
			<artifactId>hadoop-common</artifactId>
			<version>${hadoop.version}</version>
			<exclusions>
				<exclusion>
					<artifactId>slf4j-log4j12</artifactId>
					<groupId>org.slf4j</groupId>
				</exclusion>
				<exclusion>
					<artifactId>slf4j-api</artifactId>
					<groupId>org.slf4j</groupId>
				</exclusion>
				<exclusion>
					<artifactId>log4j</artifactId>
					<groupId>log4j</groupId>
				</exclusion>
                <exclusion>
                    <artifactId>commons-net</artifactId>
                    <groupId>commons-net</groupId>
                </exclusion>
			</exclusions>
		</dependency>
		<dependency>
			<groupId>org.apache.hadoop</groupId>
			<artifactId>hadoop-hdfs</artifactId>
			<version>${hadoop.version}</version>
			<exclusions>
				<exclusion>
					<groupId>javax.servlet.jsp</groupId>
					<artifactId>*</artifactId>
				</exclusion>
				<exclusion>
					<artifactId>servlet-api</artifactId>
					<groupId>javax.servlet</groupId>
				</exclusion>
			</exclusions>
		</dependency>

		<dependency>
			<groupId>org.apache.hbase</groupId>
			<artifactId>hbase-client</artifactId>
			<version>${hbase.version}</version>
		</dependency>
		<dependency>
			<groupId>org.apache.hbase</groupId>
			<artifactId>hbase-common</artifactId>
			<version>${hbase.version}</version>
		</dependency>
		
		<dependency>
			<groupId>org.apache.spark</groupId>
			<artifactId>spark-core_2.12</artifactId>
			<version>${spark.version}</version>
			<exclusions>
				<exclusion>
					<artifactId>javax.servlet</artifactId>
					<groupId>org.eclipse.jetty.orbit</groupId>
				</exclusion>
				<exclusion>
					<artifactId>slf4j-log4j12</artifactId>
					<groupId>org.slf4j</groupId>
				</exclusion>
				<exclusion>
					<artifactId>slf4j-api</artifactId>
					<groupId>org.slf4j</groupId>
				</exclusion>
                <exclusion>
                    <artifactId>commons-net</artifactId>
                    <groupId>commons-net</groupId>
                </exclusion>
			</exclusions>
		</dependency>
		<dependency>
			<groupId>org.apache.spark</groupId>
			<artifactId>spark-streaming_2.12</artifactId>
			<version>${spark.version}</version>
		</dependency>
		<dependency>
			<groupId>org.apache.spark</groupId>
			<artifactId>spark-sql_2.12</artifactId>
			<version>${spark.version}</version>
		</dependency>
		<dependency>
			<groupId>org.apache.spark</groupId>
			<artifactId>spark-hive_2.12</artifactId>
			<version>${spark.version}</version>
		</dependency>
		<dependency>
			<groupId>org.apache.spark</groupId>
			<artifactId>spark-yarn_2.12</artifactId>
			<version>${spark.version}</version>
			<exclusions>
				<exclusion>
					<artifactId>slf4j-log4j12</artifactId>
					<groupId>org.slf4j</groupId>
				</exclusion>
				<exclusion>
					<artifactId>slf4j-api</artifactId>
					<groupId>org.slf4j</groupId>
				</exclusion>
			</exclusions>
		</dependency>
		
		<dependency>
            <groupId>org.apache.flink</groupId>
            <artifactId>flink-core</artifactId>
            <version>${flink.version}</version>
        </dependency>
        <dependency>
            <groupId>org.apache.flink</groupId>
            <artifactId>flink-runtime_2.11</artifactId>
            <version>${flink.version}</version>
        </dependency>
        <dependency>
            <groupId>org.apache.flink</groupId>
            <artifactId>flink-java</artifactId>
            <version>${flink.version}</version>
        </dependency>
        <dependency>
            <groupId>org.apache.flink</groupId>
            <artifactId>flink-clients_2.11</artifactId>
            <version>${flink.version}</version>
        </dependency>
        <dependency>
            <groupId>org.apache.flink</groupId>
            <artifactId>flink-streaming-java_2.11</artifactId>
            <version>${flink.version}</version>
        </dependency>

		<dependency>
			<groupId>org.apache.flink</groupId>
			<artifactId>flink-connector-kafka_2.11</artifactId>
			<version>${flink.version}</version>
		</dependency>
		<dependency>
			<groupId>org.apache.flink</groupId>
			<artifactId>flink-connector-base</artifactId>
			<version>${flink.version}</version>
		</dependency>
		<dependency>
			<groupId>org.apache.flink</groupId>
			<artifactId>flink-connector-files</artifactId>
			<version>${flink.version}</version>
		</dependency>
		<dependency>
			<groupId>org.slf4j</groupId>
			<artifactId>slf4j-api</artifactId>
			<version>${slf4j.version}</version>
		</dependency>

		<dependency>
			<groupId>org.slf4j</groupId>
			<artifactId>slf4j-log4j12</artifactId>
			<version>${slf4j.version}</version>
		</dependency>
	</dependencies>
</project>  